iteration,test_psnr
500,16.65795077858183
2000,19.846313297064498
5000,21.272707403281007
10000,21.945436116220126
20000,22.549835161617537
