iteration,test_psnr
500,16.644075519641095
2000,20.926520625072364
5000,23.134389045300136
10000,24.334871947281474
20000,25.82255158933125
